category,total_starts,total_completions,completion_rate
AI应用课程,44506,31966,0.7182402372713791
英语类课程,74386,46897,0.6304546554459173
IT技能课程,41942,24360,0.5808020599876019
通识课程,24486,11241,0.45907865719186475
