流量类型,PV总计,占比(%)
自然流量,203450,56.64495903020044
广告流量,100448,27.96693460145281
社媒流量,55269,15.388106368346758
总计,359167,100.0
